time(s);mPow_size
4.40329e-06;4
8.21054e-06;5
2.17557e-05;6
5.07861e-05;7
0.0001404;8
0.000581139;9
0.0047003;10
0.0224469;11
0.100826;12
