time(s);mPow_size
5.66989e-07;4
1.95727e-06;5
3.62396e-06;6
9.6634e-06;7
4.32909e-05;8
0.000302334;9
0.00159783;10
0.0267255;11
0.0945811;12
0.257868;12
0.256074;12
0.127236;12
0.472206;12
0.093861;12
