n_threads;time(s);mPow_size
1;1.01201e-05;4
1;2.46756e-05;5
1;5.50002e-05;6
1;0.000157046;7
1;0.000628377;8
1;0.00274748;9
1;0.0156435;10
1;0.090071;11
1;0.303493;12
1;0.548426;12
1;0.57232;12
1;1.17071;12
2;0.719494;12
4;0.542201;12
8;0.335057;12
16;0.252219;12
32;0.157349;12
64;0.145976;12
96;0.247856;12
1;0.548882;12
2;0.556059;12
4;0.562277;12
8;0.38096;12
16;0.405047;12
1;0.252639;12
2;0.196426;12
4;0.133261;12
8;0.0897915;12
16;0.0823866;12
32;0.0631573;12
64;0.0629099;12
96;0.0553398;12
