time(s);mPow_size
8.47131e-06;4
2.29873e-05;5
0.000115267;6
0.000326593;7
0.00061833;8
0.00282433;9
0.0168226;10
0.107833;11
0.304399;12
0.269791;12
0.321458;12
0.596527;12
0.960436;12
0.262265;12
