time(s);mPow_size
6.94394e-06;4
1.72928e-05;5
6.28993e-05;6
0.000201547;7
0.000763386;8
0.00319455;9
0.0196445;10
0.078546;11
0.29438;12
