time(s);mPow_size
0.134976;12
0.16774;12
0.099019;12
0.191773;12
0.21303;12
0.208269;12
