time(s);mPow_size
0.545596;12
0.468897;12
0.39702;12
0.397752;12
0.641066;12
0.372817;12
