time(s);mPow_size
2.16812e-07;4
6.17653e-07;5
2.59504e-06;6
9.20296e-06;7
3.77089e-05;8
0.000270009;9
0.00117715;10
0.0190906;11
0.0843804;12