time(s);mPow_size
2.48924e-06;4
9.18433e-06;5
3.54379e-05;6
0.000142117;7
0.00055877;8
0.00252574;9
0.0107614;10
0.0581733;11
0.277439;12
